<?xml version="1.0" encoding="UTF-8"?> 
<!DOCTYPE mapper PUBLIC "-//mybatis.org//DTD Mapper 3.0//EN" 
"http://mybatis.org/dtd/mybatis-3-mapper.dtd">
<mapper namespace="com.dictation.mapper.CourseMapper"> 
	
	<!-- Insert a course -->
	<insert id="insert" parameterType="com.dictation.vo.CourseVO">
		insert into course(
			year,
			term,
			lecture_no,
			course_no,
			question_no,
			question,
			file_nm,
			save_file_nm,
			input_id,
			input_date,
			update_id,
			update_date
			
		) values(
			#{year},
			#{term},
			#{lecture_no},
			#{course_no},
			#{question_no},
			#{question},
			#{file_nm},
			#{save_file_nm},
			#{input_id},
			#{input_date},
			#{update_id},
			#{update_date}
		)
	</insert>
 
 
 
 
	<!-- according to id Delete students -->
	<delete id="delete" parameterType="String">
		delete from course where lecture_no=#{lecture_no}
	</delete>
 
	<!-- according to id Modifying Student Information-->
	<update id="update" parameterType="CourseVO">
		update course
		set
			year=#{year},
			term=#{term},
			lecture_no=#{lecture_no},
			course_no=#{course_no},
			question_no=#{question_no},
			question=#{question},
			file_nm=#{file_nm},
			save_file_nm=#{save_file_nm},
			input_id=#{input_id},
			input_date=#{input_date},
			update_id=#{update_id},
			update_date=#{update_date}
			
		where
			lecture_no=#{lecture_no}
	</update>
	
	
 
	<!-- according to id query -->
	<select id="getById" parameterType="String" resultType="CourseVO">
		select
			year,
			term,
			lecture_no,
			course_no,
			question_no,
			question,
			file_nm,
			save_file_nm,
			input_id,
			input_date,
			update_id,
			update_date
		from
			course
		where
			lecture_no=#{lecture_no}
	</select>
	
	
 
	<!-- Query all -->
	<select id="list" parameterType="int" resultType="com.dictation.vo.CourseVO">
		select
			year,
			term,
			lecture_no,
			course_no,
			question_no,
			question,
			file_nm,
			save_file_nm,
			input_id,
			input_date,
			update_id,
			update_date
		from
			course
	</select> 
</mapper>

